<?xml version="1.0" encoding="UTF-8"?>
<rss version="2.0" xmlns:atom="http://www.w3.org/2005/Atom">
  <channel>
    <title>Thompson Wiki</title>
    <description>Write an awesome description for your new site here. You can edit this line in _config.yml. It will appear in your document head meta (for Google search results) and in your feed.xml site description.
</description>
    <link>http://yourdomain.com/</link>
    <atom:link href="http://yourdomain.com/feed.xml" rel="self" type="application/rss+xml"/>
    <pubDate>Mon, 05 Oct 2015 17:11:11 +0100</pubDate>
    <lastBuildDate>Mon, 05 Oct 2015 17:11:11 +0100</lastBuildDate>
    <generator>Jekyll v2.5.3</generator>
    
      <item>
        <title>Branching workflow with Git</title>
        <description>&lt;p&gt;&lt;strong&gt;The following information explains our branching mechanism for Git. This follows the &lt;a href=&quot;https://www.atlassian.com/git/tutorials/comparing-workflows/gitflow-workflow&quot;&gt;Git Flow&lt;/a&gt; methodology closely and should be the system that we use on &lt;em&gt;all&lt;/em&gt; projects.&lt;/strong&gt;&lt;/p&gt;

&lt;h4 id=&quot;on-this-page&quot;&gt;On this page:&lt;/h4&gt;

&lt;ul&gt;
  &lt;li&gt;&lt;a href=&quot;#branches&quot;&gt;Branches&lt;/a&gt;&lt;/li&gt;
  &lt;li&gt;&lt;a href=&quot;#setup&quot;&gt;File setup and initial commits&lt;/a&gt;&lt;/li&gt;
  &lt;li&gt;&lt;a href=&quot;#features&quot;&gt;Feature branches&lt;/a&gt;&lt;/li&gt;
  &lt;li&gt;&lt;a href=&quot;#collab-features&quot;&gt;Collaborative feature branches&lt;/a&gt;&lt;/li&gt;
  &lt;li&gt;&lt;a href=&quot;#merge-dev&quot;&gt;Merging into the development branch&lt;/a&gt;&lt;/li&gt;
  &lt;li&gt;&lt;a href=&quot;#merge-stag&quot;&gt;Merging into the staging branch&lt;/a&gt;&lt;/li&gt;
  &lt;li&gt;&lt;a href=&quot;#merge-mast&quot;&gt;Merging into the master branch&lt;/a&gt;&lt;/li&gt;
  &lt;li&gt;&lt;a href=&quot;#tagging&quot;&gt;Tagging&lt;/a&gt;&lt;/li&gt;
  &lt;li&gt;&lt;a href=&quot;#hot-fix&quot;&gt;‘Hot fixing’&lt;/a&gt;&lt;/li&gt;
  &lt;li&gt;&lt;a href=&quot;#floating&quot;&gt;‘Floating features’&lt;/a&gt;&lt;/li&gt;
&lt;/ul&gt;

&lt;h3 id=&quot;branches&quot;&gt;Branches&lt;/h3&gt;

&lt;p&gt;Each Git project starts with a &lt;code&gt;master&lt;/code&gt; branch. Once a project has been created on &lt;a href=&quot;http://www.github.com&quot;&gt;Github&lt;/a&gt; and synced locally, we should create two additional local branches from the &lt;code&gt;master&lt;/code&gt;, and Publish them to the remote repository before the project begins. These should be called &lt;code&gt;development&lt;/code&gt; and &lt;code&gt;staging&lt;/code&gt;.&lt;/p&gt;

&lt;p&gt;&lt;a href=&quot;http://www.git-tower.com/help/mac/branches-and-tags/overview&quot;&gt;Read more information on creating branches in Tower.&lt;/a&gt;&lt;/p&gt;

&lt;p&gt;The purpose of these should be quite clear, but to clarify:&lt;/p&gt;

&lt;ul&gt;
  &lt;li&gt;&lt;code&gt;development&lt;/code&gt; should contain all ‘in-development’ changes and features that are ready for testing and &lt;em&gt;work&lt;/em&gt;. This branch should not contain anything that would cause another developer issues if they were to ‘branch-off’ and begin developing a new feature.&lt;/li&gt;
  &lt;li&gt;&lt;code&gt;staging&lt;/code&gt; should contain all changes and features that have been tested and are ready to be deployed to our staging server. In most cases, a &lt;code&gt;merge&lt;/code&gt; into, or &lt;code&gt;push&lt;/code&gt; onto this branch will trigger &lt;strong&gt;auto deployment&lt;/strong&gt;, so we must be certain that we are happy before doing so. These are changes that we are happy for clients to review.&lt;/li&gt;
  &lt;li&gt;&lt;code&gt;master&lt;/code&gt; should contain &lt;strong&gt;only changes and features that are fully tested, signed off, and that we are happy to deploy to the LIVE server&lt;/strong&gt;. This branch should never auto-deploy as we should review all file changes manually beforehand. This reduces the likelihood of an incorrect file being modified/added/removed from the live environment.&lt;/li&gt;
&lt;/ul&gt;

&lt;h3 id=&quot;setup&quot;&gt;File setup and initial commits&lt;/h3&gt;

&lt;p&gt;Files should never appear on the &lt;code&gt;master&lt;/code&gt; branch until they are ready to ‘go live’, therefore, throughout the course of a new build or re-development project, this branch should remain empty until the go-live date.&lt;/p&gt;

&lt;p&gt;Initial project setup (presuming only a single developer is responsible) should happen directly on the &lt;code&gt;development&lt;/code&gt; branch.&lt;/p&gt;

&lt;p&gt;As soon as a project is stable enough for specific ‘features’ to be developed, changes should no longer be made directly on the &lt;code&gt;development&lt;/code&gt; branch, and should instead be made on a &lt;code&gt;feature-branch&lt;/code&gt;.&lt;/p&gt;

&lt;h3 id=&quot;features&quot;&gt;Feature branches&lt;/h3&gt;

&lt;p&gt;A local ‘feature branch’ should be created for each new feature that we develop for a project. This could be anything from a new widget, to a new page, to an entirely new checkout system.&lt;/p&gt;

&lt;p&gt;The branch that you choose to ‘branch off’ to create your feature branch will depend on the stage of the project. Most of the time it would be advisable to branch off the &lt;code&gt;master&lt;/code&gt;, as this is the most stable and up-to-date version of the project. If, however, there is another feature residing on the &lt;code&gt;development&lt;/code&gt; or &lt;code&gt;staging&lt;/code&gt; branches that is beneficial to the development of your new feature, you may wish to branch off this instead.&lt;/p&gt;

&lt;p&gt;&lt;em&gt;Be aware that if you pick up in-development changes in your new branch, and you wish to put your changes live, you will have to merge &lt;strong&gt;both&lt;/strong&gt; sets of changes into the &lt;code&gt;master&lt;/code&gt; branch and will be responsible for ensuring that all changes are stable and ready to be deployed.&lt;/em&gt;&lt;/p&gt;

&lt;p&gt;In &lt;a href=&quot;http://www.git-tower.com&quot;&gt;Tower&lt;/a&gt;, you can create a ‘features’ folder by naming your branch &lt;code&gt;features/new-feature&lt;/code&gt;.&lt;/p&gt;

&lt;h3 id=&quot;collab-features&quot;&gt;Collaborative feature branches&lt;/h3&gt;

&lt;p&gt;If your feature is to be worked on by multiple developers, you must ‘Publish’ your feature to &lt;a href=&quot;http://www.github.com&quot;&gt;Github&lt;/a&gt; so that it is available as a remote branch. You &lt;strong&gt;should not&lt;/strong&gt; merge any incomplete changes into &lt;code&gt;development&lt;/code&gt; or any other branch if the sole purpose is to give access to another developer.&lt;/p&gt;

&lt;p&gt;Always remmeber to delete both local &lt;em&gt;and&lt;/em&gt; remote feature branches when a feature is completed.&lt;/p&gt;

&lt;h3 id=&quot;merge-dev&quot;&gt;Merging into the development branch&lt;/h3&gt;

&lt;p&gt;When a feature is complete and you wish to initiate the go-live process, you should &lt;code&gt;merge&lt;/code&gt; it into your local &lt;code&gt;development&lt;/code&gt; branch, and then &lt;code&gt;push&lt;/code&gt; the changes to the remote &lt;a href=&quot;http://www.github.com&quot;&gt;Github&lt;/a&gt; repository for review. &lt;strong&gt;Do not squash commits&lt;/strong&gt; as this will make the commit history very difficult to review at a later date. If other changes have been pushed to the remote since you began development, you may see an error and have to &lt;code&gt;pull&lt;/code&gt; before you are able to &lt;code&gt;push&lt;/code&gt;. Pulling at this point will merge any remote changes into your local branch, thus updating your files with other features that have been developed simultaneously.&lt;/p&gt;

&lt;h3 id=&quot;merge-stag&quot;&gt;Merging into the staging branch&lt;/h3&gt;

&lt;p&gt;When features have been made available and fully tested on the &lt;code&gt;development&lt;/code&gt; branch they should be merged into the &lt;code&gt;staging&lt;/code&gt; branch. &lt;strong&gt;Do not squash commits&lt;/strong&gt; as this will make the commit history very difficult to review at a later date. In most cases, this branch will be set to auto-deploy to the staging server and changes will be available for review by the team and clients who have access to the server almost immediately.&lt;/p&gt;

&lt;p&gt;Before merging into &lt;code&gt;staging&lt;/code&gt; it is important to review the commit history to ensure that incorrect files are not uploaded to the server. The date of the previous &lt;code&gt;merge&lt;/code&gt; on the &lt;code&gt;staging&lt;/code&gt; branch should indicate how far back you need to check committed files. If you need to speak to another developer about their work to ensure that they are happy for it to be deployed to &lt;code&gt;staging&lt;/code&gt;, &lt;strong&gt;please do&lt;/strong&gt;.&lt;/p&gt;

&lt;h3 id=&quot;merge-mast&quot;&gt;Merging into the master branch&lt;/h3&gt;

&lt;p&gt;When features have been fully tested and signed off on the &lt;code&gt;staging&lt;/code&gt; branch and we are ready to go-live, the &lt;code&gt;staging&lt;/code&gt; branch should be merged into &lt;code&gt;master&lt;/code&gt;. This branch should not auto-deploy as it is important that files are reviewed before being made publically available.&lt;/p&gt;

&lt;h3 id=&quot;tagging&quot;&gt;Tagging&lt;/h3&gt;

&lt;p&gt;Tagging allws us to quickly skip between ‘major releases’. Whenever a major update takes place on a project, you should tag the merge commit with ‘release notes’. A ‘major update’ might consist of serveral large features being deployed at once, a rebuild or redesign of a section, core file or plugin updates etc.&lt;/p&gt;

&lt;h3 id=&quot;hot-fix&quot;&gt;‘Hot fixing’&lt;/h3&gt;

&lt;p&gt;A ‘hotfix’ is a small bug fix or tiny feature that may have been missed in testing prior to deployment. We should follow the standard procedure of creating a &lt;code&gt;feature-branch&lt;/code&gt; from the &lt;code&gt;master&lt;/code&gt;, however this may be merged directly into &lt;code&gt;master&lt;/code&gt; once complete. Once merged into &lt;code&gt;master&lt;/code&gt; is should also be merged back into &lt;code&gt;development&lt;/code&gt; and &lt;code&gt;staging&lt;/code&gt; before being deleted in order to ensure the update is not lost of future updates.&lt;/p&gt;

&lt;h3 id=&quot;floating&quot;&gt;‘Floating features’&lt;/h3&gt;

&lt;p&gt;Sometimes it is necessary to make a larger update separately to other features that are in development. These ‘floating features’ must remain on separate branches as they may need to be deployed onto &lt;code&gt;staging&lt;/code&gt; or &lt;code&gt;master&lt;/code&gt; without picking up other ‘in-development’ features from the &lt;code&gt;development&lt;/code&gt; branch.&lt;/p&gt;

&lt;p&gt;Rather than follow the standard ‘Git Flow’ workflow, these features should be tested locally and Published to the remote repository for review. At this point they should be merged into &lt;code&gt;staging&lt;/code&gt; for client sign-off, and then into &lt;code&gt;master&lt;/code&gt; for live deployment. The main difference is when we’re ready to go-live, rather than merging &lt;code&gt;staging&lt;/code&gt; into &lt;code&gt;master&lt;/code&gt;, we should merge our floating feature directly from it’s &lt;code&gt;feature-branch&lt;/code&gt; into &lt;code&gt;master&lt;/code&gt;.&lt;/p&gt;

</description>
        <pubDate>Mon, 05 Oct 2015 13:58:54 +0100</pubDate>
        <link>http://yourdomain.com/git,/rules,/workflow/2015/10/05/branching-workflow-with-git.html</link>
        <guid isPermaLink="true">http://yourdomain.com/git,/rules,/workflow/2015/10/05/branching-workflow-with-git.html</guid>
        
        
        <category>git,</category>
        
        <category>rules,</category>
        
        <category>workflow</category>
        
      </item>
    
      <item>
        <title>Committing with Git</title>
        <description>&lt;p&gt;&lt;strong&gt;The following information comprises some guidelines and best practices for committing code using Git. For the purposes of our internal workflow, we will assume the use of &lt;a href=&quot;https://github.com/&quot;&gt;Github&lt;/a&gt; for storing remote repositories, and the &lt;a href=&quot;http://www.git-tower.com/&quot;&gt;Tower&lt;/a&gt; application for managing your changes. However, most of these rules are also applicable when using Terminal or other desktop applications.&lt;/strong&gt;&lt;/p&gt;

&lt;h4 id=&quot;on-this-page&quot;&gt;On this page:&lt;/h4&gt;

&lt;ul&gt;
  &lt;li&gt;&lt;a href=&quot;#regularly&quot;&gt;Commit regularly&lt;/a&gt;&lt;/li&gt;
  &lt;li&gt;&lt;a href=&quot;#dont-bundle&quot;&gt;Don’t bundle multiple updates into one commit&lt;/a&gt;&lt;/li&gt;
  &lt;li&gt;&lt;a href=&quot;#descriptive&quot;&gt;Be descriptive with commit messages, and be neat with capitalisation and grammar&lt;/a&gt;&lt;/li&gt;
  &lt;li&gt;&lt;a href=&quot;#present&quot;&gt;Always use the present tense for commit messages, not past&lt;/a&gt;&lt;/li&gt;
  &lt;li&gt;&lt;a href=&quot;#issue-exists&quot;&gt;If an issue exists, always reference the issue number in your commit message&lt;/a&gt;&lt;/li&gt;
  &lt;li&gt;&lt;a href=&quot;#ignore&quot;&gt;Ignoring files&lt;/a&gt;&lt;/li&gt;
  &lt;li&gt;&lt;a href=&quot;#exclude&quot;&gt;Excluding files&lt;/a&gt;&lt;/li&gt;
&lt;/ul&gt;

&lt;h3 id=&quot;regularly&quot;&gt;Commit regularly&lt;/h3&gt;

&lt;p&gt;You should commit small chunks of code regularly.&lt;/p&gt;

&lt;p&gt;Consider you’re working on new features that require several different elements to make them work. If we commit all of those elements together and discover an issue later down the line, we’re only able to Revert ALL of those elements at once. If we commit each element separately then we are able to ‘undo’ very specific changes later down the line.&lt;/p&gt;

&lt;p&gt;If you’re working for a long period and forget to commit regularly, &lt;a href=&quot;http://www.git-tower.com/&quot;&gt;Tower app&lt;/a&gt; allows us to Stage ‘chunks’ of code within a single file, thus enabling us to make those smaller commits at any time.&lt;/p&gt;

&lt;p&gt;For other developers working on the project, this also makes the change history much clearer when reviewing the work that has come before.&lt;/p&gt;

&lt;h3 id=&quot;dont-bundle&quot;&gt;Don’t bundle multiple updates into one commit&lt;/h3&gt;

&lt;p&gt;Expanding on the point above, no matter how small a change is, you must not commit more than one update or fix in a single commit.&lt;/p&gt;

&lt;h3 id=&quot;descriptive&quot;&gt;Be descriptive with commit messages, and be neat with capitalisation and grammar&lt;/h3&gt;

&lt;p&gt;Always consider the possibility of another developer being brought onto a project when you aren’t there to explain what has happened so far. Your commit history / messages should paint a clear picure of all the progress on a project so far. If 50 characters isn’t enough to explain what you’ve done, utilise the ‘Commit description’ to elaborate on your work.&lt;/p&gt;

&lt;p&gt;In addition to this, be neat with your commit messages by constructing them with sensible capitalisation. We would recommend using sentence-case.&lt;/p&gt;

&lt;h3 id=&quot;present&quot;&gt;Always use the present tense for commit messages, not past&lt;/h3&gt;

&lt;p&gt;For example use &lt;code&gt;“Fix issue ABC”&lt;/code&gt; rather than &lt;code&gt;“Fixed bug ABC”&lt;/code&gt;. A commit is not referencing what person who made the change &lt;em&gt;did&lt;/em&gt;, it is referencing what the new does &lt;em&gt;does&lt;/em&gt;.&lt;/p&gt;

&lt;h3 id=&quot;issue-exists&quot;&gt;If an issue exists, always reference the issue number in your commit message&lt;/h3&gt;

&lt;p&gt;&lt;a href=&quot;https://github.com/&quot;&gt;Github&lt;/a&gt; has a great feature whereby if you include an issue number in your commit message, it will reference that commit on the issue comments. This can be very useful if you need to reference the code that fixes a specific issue.&lt;/p&gt;

&lt;p&gt;You reference the issue by adding a hash infront of the number, for example &lt;code&gt;&quot;Fix shopping cart issue #123&quot;&lt;/code&gt;.&lt;/p&gt;

&lt;p&gt;In addition to this, if you wish to automatically close an issue at the same time as commiting your code, you can do so by simply using the word “Fix”. For example &lt;code&gt;&quot;Fix #123&quot;&lt;/code&gt;. However, unless this issue has been raised by yourself, you should not do this. Reference the information on Testing and Issue tracking below.&lt;/p&gt;

&lt;h3 id=&quot;ignore&quot;&gt;Ignoring files&lt;/h3&gt;

&lt;p&gt;There are various files that should never appear in a remote repository, but which are necessary for a project to work. These are controlled by the &lt;code&gt;.gitignore&lt;/code&gt; file.&lt;/p&gt;

&lt;p&gt;Examples of these are:&lt;/p&gt;

&lt;ul&gt;
  &lt;li&gt;css directory&lt;/li&gt;
  &lt;li&gt;sublime-project and sublime-workspace files&lt;/li&gt;
  &lt;li&gt;Temporary files such as .DS_Store&lt;/li&gt;
  &lt;li&gt;Config files&lt;/li&gt;
&lt;/ul&gt;

&lt;p&gt;&lt;strong&gt;Please note&lt;/strong&gt;&lt;/p&gt;

&lt;p&gt;Only &lt;em&gt;untracked&lt;/em&gt; files will be ignored. If a file has already been committed to the repository you will have to manually remove / untrack them before the &lt;code&gt;.gitignore&lt;/code&gt; takes effect.&lt;/p&gt;

&lt;h3 id=&quot;exclude&quot;&gt;Excluding files&lt;/h3&gt;

&lt;p&gt;If you find yourself needing to ‘ignore’ a file locally to get your project working as you want, but you know for a fact that the file is needed in the Live environment and won’t necessarily need to be ignored for everyone on the project, &lt;strong&gt;do not&lt;/strong&gt; add it to the &lt;code&gt;.gitignore&lt;/code&gt; file. Instead use ‘Exclude’.&lt;/p&gt;

&lt;p&gt;&lt;strong&gt;Please note&lt;/strong&gt;&lt;/p&gt;

&lt;p&gt;Only &lt;em&gt;untracked&lt;/em&gt; files will be excluded. If a file has already been committed to the repository you will have to manually remove / untrack them before the &lt;code&gt;.gitignore&lt;/code&gt; takes effect.&lt;/p&gt;

&lt;p&gt;&lt;a href=&quot;http://www.git-tower.com/help/mac/working-copy/ignore-files&quot;&gt;Read more about ignoring and excluding files in Tower&lt;/a&gt;&lt;/p&gt;

</description>
        <pubDate>Mon, 05 Oct 2015 13:01:54 +0100</pubDate>
        <link>http://yourdomain.com/git,/rules/2015/10/05/committing-with-git.html</link>
        <guid isPermaLink="true">http://yourdomain.com/git,/rules/2015/10/05/committing-with-git.html</guid>
        
        
        <category>git,</category>
        
        <category>rules</category>
        
      </item>
    
      <item>
        <title>Welcome to Jekyll!</title>
        <description>&lt;p&gt;You’ll find this post in your &lt;code&gt;_posts&lt;/code&gt; directory. Go ahead and edit it and re-build the site to see your changes. You can rebuild the site in many different ways, but the most common way is to run &lt;code&gt;jekyll serve&lt;/code&gt;, which launches a web server and auto-regenerates your site when a file is updated.&lt;/p&gt;

&lt;p&gt;To add new posts, simply add a file in the &lt;code&gt;_posts&lt;/code&gt; directory that follows the convention &lt;code&gt;YYYY-MM-DD-name-of-post.ext&lt;/code&gt; and includes the necessary front matter. Take a look at the source for this post to get an idea about how it works.&lt;/p&gt;

&lt;p&gt;Jekyll also offers powerful support for code snippets:&lt;/p&gt;

&lt;div class=&quot;highlight&quot;&gt;&lt;pre&gt;&lt;code class=&quot;language-ruby&quot; data-lang=&quot;ruby&quot;&gt;&lt;span class=&quot;k&quot;&gt;def&lt;/span&gt; &lt;span class=&quot;nf&quot;&gt;print_hi&lt;/span&gt;&lt;span class=&quot;p&quot;&gt;(&lt;/span&gt;&lt;span class=&quot;nb&quot;&gt;name&lt;/span&gt;&lt;span class=&quot;p&quot;&gt;)&lt;/span&gt;
  &lt;span class=&quot;nb&quot;&gt;puts&lt;/span&gt; &lt;span class=&quot;s2&quot;&gt;&amp;quot;Hi, &lt;/span&gt;&lt;span class=&quot;si&quot;&gt;#{&lt;/span&gt;&lt;span class=&quot;nb&quot;&gt;name&lt;/span&gt;&lt;span class=&quot;si&quot;&gt;}&lt;/span&gt;&lt;span class=&quot;s2&quot;&gt;&amp;quot;&lt;/span&gt;
&lt;span class=&quot;k&quot;&gt;end&lt;/span&gt;
&lt;span class=&quot;n&quot;&gt;print_hi&lt;/span&gt;&lt;span class=&quot;p&quot;&gt;(&lt;/span&gt;&lt;span class=&quot;s1&quot;&gt;&amp;#39;Tom&amp;#39;&lt;/span&gt;&lt;span class=&quot;p&quot;&gt;)&lt;/span&gt;
&lt;span class=&quot;c1&quot;&gt;#=&amp;gt; prints &amp;#39;Hi, Tom&amp;#39; to STDOUT.&lt;/span&gt;&lt;/code&gt;&lt;/pre&gt;&lt;/div&gt;

&lt;p&gt;Check out the &lt;a href=&quot;http://jekyllrb.com&quot;&gt;Jekyll docs&lt;/a&gt; for more info on how to get the most out of Jekyll. File all bugs/feature requests at &lt;a href=&quot;https://github.com/jekyll/jekyll&quot;&gt;Jekyll’s GitHub repo&lt;/a&gt;. If you have questions, you can ask them on &lt;a href=&quot;https://github.com/jekyll/jekyll-help&quot;&gt;Jekyll’s dedicated Help repository&lt;/a&gt;.&lt;/p&gt;

</description>
        <pubDate>Mon, 05 Oct 2015 12:52:54 +0100</pubDate>
        <link>http://yourdomain.com/jekyll/update/2015/10/05/welcome-to-jekyll.html</link>
        <guid isPermaLink="true">http://yourdomain.com/jekyll/update/2015/10/05/welcome-to-jekyll.html</guid>
        
        
        <category>jekyll</category>
        
        <category>update</category>
        
      </item>
    
  </channel>
</rss>
